Município;Votos 2016;Votos válidos 2016;% válidos 2016;Seções 2016;Votos 2020;Votos válidos 2020;% válidos 2020;Seções 2020;Votos 2024;Votos válidos 2024;% válidos 2024;Seções 2024;Votos 2026;Votos válidos 2026;% válidos 2026;Seções 2026;Cidade de referência
FOZ DO IGUAÇU;58163;138436;42,01;596;51595;131377;39,27;477;47775;146620;32,58;617;43208;151564;28,51;626;sim
SANTA TEREZINHA DE ITAIPU;0;14276;0,00;52;0;13637;0,00;47;0;15431;0,00;56;697;14310;4,87;56;não
CURITIBA;0;930810;0,00;3940;0;836632;0,00;2892;0;935169;0,00;4022;324;1021640;0,03;4056;não
SÃO MIGUEL DO IGUAÇU;0;17428;0,00;71;0;16222;0,00;59;0;16987;0,00;79;176;16344;1,08;79;não
MEDIANEIRA;0;25991;0,00;99;0;26142;0,00;110;0;25905;0,00;126;126;27612;0,46;126;não
CASCAVEL;0;168273;0,00;651;0;156412;0,00;569;0;168699;0,00;701;99;177457;0,06;707;não
MATELÂNDIA;0;10014;0,00;37;0;10203;0,00;38;0;10387;0,00;42;46;10464;0,44;42;não
ITAIPULÂNDIA;0;7801;0,00;26;0;7786;0,00;24;0;8598;0,00;30;45;7798;0,58;30;não
MARINGÁ;0;194507;0,00;861;0;181196;0,00;717;0;201045;0,00;964;26;221380;0,01;974;não
LONDRINA;0;265313;0,00;1082;0;255346;0,00;983;0;264760;0,00;1181;25;283101;0,01;1200;não
GUARATUBA;0;20025;0,00;77;0;19308;0,00;75;0;22681;0,00;94;24;22231;0,11;95;não
TOLEDO;0;74698;0,00;327;0;70603;0,00;233;0;76451;0,00;350;22;82130;0,03;355;não
MISSAL;0;7722;0,00;26;0;7560;0,00;25;0;8179;0,00;32;20;7741;0,26;33;não
SANTA HELENA;0;17317;0,00;70;0;16749;0,00;50;0;17065;0,00;75;20;16112;0,12;75;não
PLANALTO;0;8755;0,00;40;0;8285;0,00;26;0;8472;0,00;38;19;7787;0,24;38;não
MARECHAL CÂNDIDO RONDON;0;30207;0,00;116;0;27997;0,00;131;0;29913;0,00;144;18;31129;0,06;154;não
CÉU AZUL;0;7043;0,00;29;0;6839;0,00;23;0;6921;0,00;29;17;6670;0,25;27;não
COLOMBO;0;94115;0,00;447;0;95027;0,00;405;0;108017;0,00;475;14;112515;0,01;486;não
SANTA TEREZA DO OESTE;0;7515;0,00;26;0;7117;0,00;25;0;8291;0,00;30;12;7664;0,16;30;não
MANGUEIRINHA;0;11216;0,00;48;0;10411;0,00;36;0;11257;0,00;46;11;10056;0,11;47;não
PINHAIS;0;58498;0,00;251;0;58917;0,00;240;0;65231;0,00;272;10;72392;0,01;280;não
SÃO JOSÉ DOS PINHAIS;0;115323;0,00;551;0;129557;0,00;513;0;148916;0,00;625;10;159675;0,01;641;não
PONTA GROSSA;0;176226;0,00;701;0;165556;0,00;610;0;184223;0,00;772;9;186226;0,00;781;não
CAMPO LARGO;0;60004;0,00;262;0;54932;0,00;230;0;65600;0,00;288;9;66092;0,01;296;não
PALMAS;0;22569;0,00;97;0;21545;0,00;82;0;22010;0,00;101;9;21525;0,04;103;não
PONTAL DO PARANÁ;0;14007;0,00;53;0;13613;0,00;55;0;16968;0,00;70;8;16925;0,05;72;não
RAMILÂNDIA;0;3047;0,00;10;0;2731;0,00;10;0;3069;0,00;11;8;2823;0,28;11;não
MATINHOS;0;20224;0,00;82;0;18620;0,00;83;0;23207;0,00;98;7;22562;0,03;100;não
PATO BRANCO;0;43786;0,00;181;0;44229;0,00;172;0;47203;0,00;195;7;48556;0,01;204;não
CAMBARÁ;0;12610;0,00;57;0;12559;0,00;45;0;12796;0,00;59;7;11535;0,06;60;não
VERA CRUZ DO OESTE;0;5626;0,00;26;0;5547;0,00;19;0;5430;0,00;26;6;4946;0,12;21;não
MARILÂNDIA DO SUL;0;5785;0,00;31;0;5629;0,00;17;0;5726;0,00;27;6;5083;0,12;28;não
DIAMANTE D OESTE;0;3282;0,00;13;0;3050;0,00;8;0;3251;0,00;17;6;2894;0,21;17;não
DOIS VIZINHOS;0;24002;0,00;87;0;24139;0,00;90;0;24863;0,00;103;5;25192;0,02;104;não
CIANORTE;0;39757;0,00;157;0;41206;0,00;133;0;41924;0,00;188;5;41964;0,01;189;não
IBIPORÃ;0;28099;0,00;123;0;26746;0,00;103;0;26969;0,00;119;5;26796;0,02;119;não
FAZENDA RIO GRANDE;0;47025;0,00;214;0;49388;0,00;200;0;58555;0,00;253;5;61800;0,01;259;não
CAPANEMA;0;12350;0,00;54;0;12182;0,00;37;0;12021;0,00;53;5;11236;0,04;54;não
BARRACÃO;0;5895;0,00;29;0;5984;0,00;24;0;6104;0,00;29;5;5738;0,09;28;não
QUEDAS DO IGUAÇU;0;18426;0,00;76;0;18125;0,00;62;0;18324;0,00;80;5;16651;0,03;80;não
GUAÍRA;0;16514;0,00;85;0;16301;0,00;50;0;16715;0,00;80;4;17019;0,02;82;não
GUARAPUAVA;0;96498;0,00;425;0;92767;0,00;340;0;99499;0,00;430;4;96721;0,00;438;não
PARANAVAÍ;0;45785;0,00;195;0;42909;0,00;164;0;44259;0,00;199;4;45976;0,01;202;não
ASSIS CHATEAUBRIAND;0;17336;0,00;89;0;19391;0,00;62;0;20757;0,00;85;4;19881;0,02;87;não
PIRAQUARA;0;43401;0,00;175;0;40971;0,00;169;0;46500;0,00;207;4;50281;0,01;214;não
SANTO ANTÔNIO DO SUDOESTE;0;11644;0,00;50;0;11766;0,00;41;0;11873;0,00;53;4;12049;0,03;53;não
SALTO DO LONTRA;0;8854;0,00;37;0;9110;0,00;32;0;9129;0,00;37;4;8307;0,05;37;não
PARANAGUÁ;0;74768;0,00;301;0;73593;0,00;263;0;80506;0,00;321;3;79376;0,00;322;não
IVAIPORÃ;0;18552;0,00;92;0;18360;0,00;65;0;17786;0,00;82;3;17954;0,02;82;não
ALMIRANTE TAMANDARÉ;0;49036;0,00;193;0;48347;0,00;190;0;51740;0,00;205;3;52339;0,01;211;não
APUCARANA;0;69676;0,00;277;0;61671;0,00;245;0;66859;0,00;290;3;66290;0,00;295;não
CAMPINA GRANDE DO SUL;0;21155;0,00;95;0;21873;0,00;83;0;24651;0,00;102;3;24840;0,01;103;não
ARAUCÁRIA;0;70884;0,00;310;0;69521;0,00;250;0;78042;0,00;337;3;76474;0,00;341;não
ARAPONGAS;0;60107;0,00;232;0;55015;0,00;217;0;58089;0,00;246;3;60347;0,01;247;não
IMBITUVA;0;18353;0,00;66;0;18004;0,00;61;0;18992;0,00;75;3;16935;0,02;76;não
NOVA ESPERANÇA;0;14973;0,00;61;0;12464;0,00;53;0;14709;0,00;71;3;14060;0,02;74;não
ARAPOTI;0;14258;0,00;60;0;13438;0,00;48;0;13779;0,00;65;3;12639;0,02;66;não
ANTONINA;0;12331;0,00;51;0;10742;0,00;39;0;11995;0,00;52;3;10807;0,03;53;não
REBOUÇAS;0;9843;0,00;41;0;9074;0,00;25;0;9936;0,00;38;3;8873;0,03;38;não
CAMPO MOURÃO;0;52639;0,00;201;0;48089;0,00;175;0;51384;0,00;214;3;51201;0,01;216;não
NOVA LARANJEIRAS;0;6309;0,00;34;0;6283;0,00;22;0;6984;0,00;28;3;6297;0,05;29;não
CRUZEIRO DO OESTE;0;12856;0,00;56;0;11663;0,00;40;0;12081;0,00;56;3;11582;0,03;56;não
SÃO JOSÉ DA BOA VISTA;0;2937;0,00;19;0;3921;0,00;12;0;4019;0,00;16;3;3560;0,08;16;não
REALEZA;0;11016;0,00;49;0;11130;0,00;42;0;11207;0,00;44;3;10741;0,03;46;não
NOVA SANTA BÁRBARA;0;2914;0,00;10;0;2843;0,00;11;0;3097;0,00;13;3;2797;0,11;13;não
CAPITÃO LEÔNIDAS MARQUES;0;9333;0,00;35;0;9346;0,00;33;0;9312;0,00;34;3;8521;0,04;34;não
TERRA BOA;0;9630;0,00;39;0;9915;0,00;36;0;10374;0,00;41;3;9453;0,03;41;não
RESERVA DO IGUAÇU;0;4837;0,00;20;0;4303;0,00;13;0;4603;0,00;19;3;3885;0,08;19;não
ESPIGÃO ALTO DO IGUAÇU;0;3827;0,00;19;0;3544;0,00;9;0;3746;0,00;16;3;3254;0,09;16;não
MARIPÁ;0;4287;0,00;19;0;4169;0,00;13;0;4477;0,00;16;3;4173;0,07;18;não
CORONEL VIVIDA;0;13977;0,00;58;0;13127;0,00;50;0;13615;0,00;56;2;13037;0,02;59;não
UMUARAMA;0;52935;0,00;236;0;48922;0,00;195;0;55651;0,00;252;2;60899;0,00;256;não
FRANCISCO BELTRÃO;0;47911;0,00;196;0;46613;0,00;181;0;49837;0,00;215;2;50992;0,00;217;não
RIO NEGRO;0;17579;0,00;78;0;16328;0,00;60;0;17641;0,00;79;2;16654;0,01;84;não
PINHÃO;0;18649;0,00;81;0;17202;0,00;58;0;18360;0,00;80;2;15955;0,01;81;não
QUATRO BARRAS;0;12018;0,00;46;0;11959;0,00;43;0;12942;0,00;49;2;13059;0,02;53;não
CAMPO MAGRO;0;15168;0,00;56;0;15015;0,00;49;0;16419;0,00;66;2;15087;0,01;66;não
CAMBÉ;0;48864;0,00;216;0;44221;0,00;187;0;50325;0,00;219;2;53529;0,00;224;não
JACAREZINHO;0;23521;0,00;111;0;20662;0,00;76;0;21038;0,00;102;2;20350;0,01;102;não
PAIÇANDU;0;20728;0,00;89;0;18817;0,00;67;0;20624;0,00;95;2;20973;0,01;100;não
MANDIRITUBA;0;14854;0,00;59;0;14039;0,00;48;0;15997;0,00;62;2;13799;0,01;62;não
COLORADO;0;14177;0,00;55;0;13714;0,00;51;0;13799;0,00;59;2;12425;0,02;59;não
BALSA NOVA;0;9747;0,00;36;0;8778;0,00;28;0;9710;0,00;39;2;8664;0,02;40;não
GUARANIAÇU;0;9550;0,00;53;0;8750;0,00;31;0;8896;0,00;40;2;7948;0,03;44;não
MANFRINÓPOLIS;0;2756;0,00;11;0;2679;0,00;6;0;2907;0,00;11;2;2421;0,08;11;não
MUNHOZ DE MELO;0;3065;0,00;11;0;2910;0,00;11;0;3061;0,00;11;2;2668;0,07;11;não
RONCADOR;0;7336;0,00;38;0;6733;0,00;25;0;7197;0,00;29;2;6545;0,03;30;não
TUPÃSSI;0;5629;0,00;20;0;4948;0,00;12;0;3635;0,00;21;2;4822;0,04;21;não
LINDOESTE;0;3981;0,00;15;0;4067;0,00;10;0;4304;0,00;16;2;3757;0,05;16;não
MANDAGUAÇU;0;12773;0,00;45;0;12496;0,00;49;0;13969;0,00;64;2;13683;0,01;64;não
AMPÉRE;0;11184;0,00;46;0;11638;0,00;44;0;11851;0,00;47;2;10975;0,02;48;não
SÃO JOÃO DO CAIUÁ;0;3949;0,00;16;0;3796;0,00;16;0;3850;0,00;16;2;3453;0,06;16;não
JUSSARA;0;4836;0,00;17;0;4489;0,00;17;0;4590;0,00;17;2;3967;0,05;17;não
BOM SUCESSO DO SUL;0;2723;0,00;11;0;2004;0,00;6;0;2718;0,00;11;2;2466;0,08;11;não
ENTRE RIOS DO OESTE;0;3054;0,00;10;0;3039;0,00;9;0;3269;0,00;15;1;3001;0,03;15;não
LAPA;0;27998;0,00;110;0;24854;0,00;90;0;27769;0,00;119;1;24834;0,00;119;não
LARANJEIRAS DO SUL;0;18742;0,00;82;0;17523;0,00;63;0;19021;0,00;82;1;16631;0,01;84;não
SARANDI;0;45137;0,00;187;0;40832;0,00;126;0;46253;0,00;212;1;48426;0,00;218;não
SERRANÓPOLIS DO IGUAÇU;0;3863;0,00;15;0;3628;0,00;9;0;3648;0,00;17;1;3542;0,03;17;não
CASTRO;0;39451;0,00;167;0;37653;0,00;155;0;39309;0,00;190;1;39675;0,00;188;não
TELÊMACO BORBA;0;38121;0,00;152;0;36730;0,00;134;0;38748;0,00;161;1;36416;0,00;165;não
ITAGUAJÉ;0;2558;0,00;11;0;2893;0,00;11;0;3024;0,00;11;1;2692;0,04;11;não
PITANGA;0;20478;0,00;104;0;19880;0,00;83;0;19137;0,00;97;1;18680;0,01;98;não
CORBÉLIA;0;11057;0,00;43;0;8288;0,00;41;0;10755;0,00;44;1;10602;0,01;45;não
CAFELÂNDIA;0;9890;0,00;34;0;10263;0,00;37;0;10252;0,00;40;1;10096;0,01;41;não
ENGENHEIRO BELTRÃO;0;8753;0,00;36;0;8093;0,00;27;0;8041;0,00;33;1;7243;0,01;33;não
TRÊS BARRAS DO PARANÁ;0;7947;0,00;28;0;7566;0,00;19;0;7483;0,00;35;1;6877;0,01;35;não
SIQUEIRA CAMPOS;0;11653;0,00;42;0;10918;0,00;42;0;11798;0,00;50;1;11428;0,01;50;não
PRANCHITA;0;3820;0,00;18;0;2546;0,00;15;0;4095;0,00;17;1;3703;0,03;17;não
ROLÂNDIA;0;32572;0,00;135;0;30332;0,00;128;0;33903;0,00;148;1;33994;0,00;154;não
JARDIM ALEGRE;0;7251;0,00;35;0;7303;0,00;26;0;7313;0,00;33;1;6811;0,01;33;não
PIRAÍ DO SUL;0;13928;0,00;61;0;13953;0,00;48;0;14867;0,00;63;1;12490;0,01;63;não
PALMITAL;0;8928;0,00;43;0;8462;0,00;31;0;8756;0,00;41;1;8053;0,01;41;não
CHOPINZINHO;0;12663;0,00;52;0;12880;0,00;38;0;12754;0,00;53;1;12282;0,01;53;não
CORNÉLIO PROCÓPIO;0;26380;0,00;114;0;24963;0,00;92;0;26154;0,00;117;1;24332;0,00;121;não
LOBATO;0;3383;0,00;13;0;3208;0,00;7;0;3212;0,00;13;1;2812;0,04;13;não
NOVA LONDRINA;0;7088;0,00;32;0;6861;0,00;26;0;7224;0,00;34;1;6820;0,01;34;não
SÃO PEDRO DO IGUAÇU;0;4429;0,00;21;0;3959;0,00;12;0;3976;0,00;18;1;3715;0,03;18;não
PÉROLA D OESTE;0;4810;0,00;23;0;4519;0,00;12;0;4479;0,00;18;1;4300;0,02;18;não
UBIRATÃ;0;14316;0,00;60;0;14947;0,00;46;0;14841;0,00;64;1;14520;0,01;66;não
DOUTOR CAMARGO;0;4236;0,00;17;0;4004;0,00;13;0;4166;0,00;17;1;3746;0,03;17;não
BOM SUCESSO;0;4396;0,00;16;0;4146;0,00;9;0;4479;0,00;18;1;3839;0,03;18;não
AGUDOS DO SUL;0;5996;0,00;26;0;6171;0,00;19;0;7093;0,00;25;1;6638;0,02;26;não
JATAIZINHO;0;7827;0,00;28;0;7284;0,00;24;0;7523;0,00;31;1;6688;0,01;31;não
CRUZEIRO DO IGUAÇU;0;3182;0,00;12;0;2953;0,00;8;0;3147;0,00;13;1;2698;0,04;13;não
MARIÓPOLIS;0;4707;0,00;19;0;4383;0,00;12;0;4586;0,00;19;1;4081;0,02;19;não
PORTO VITÓRIA;0;2799;0,00;11;0;2512;0,00;10;0;2742;0,00;13;1;2347;0,04;13;não
SALGADO FILHO;0;3089;0,00;16;0;2284;0,00;14;0;3156;0,00;16;1;2932;0,03;16;não
JAGUAPITÃ;0;8135;0,00;28;0;7271;0,00;30;0;7787;0,00;32;1;7300;0,01;33;não
PARANACITY;0;6334;0,00;22;0;5779;0,00;24;0;5876;0,00;24;1;5106;0,02;24;não
QUATRO PONTES;0;3147;0,00;11;0;3119;0,00;11;0;3489;0,00;14;1;3459;0,03;14;não
ASSAÍ;0;10221;0,00;49;0;9371;0,00;26;0;9283;0,00;44;1;8647;0,01;44;não
PINHALÃO;0;4691;0,00;18;0;4422;0,00;14;0;4974;0,00;19;1;4507;0,02;19;não
CURIÚVA;0;8130;0,00;35;0;7442;0,00;27;0;8120;0,00;35;1;7000;0,01;35;não
NOVA SANTA ROSA;0;5762;0,00;21;0;5744;0,00;20;0;5898;0,00;23;1;5765;0,02;24;não
IPORÃ;0;9530;0,00;44;0;8697;0,00;28;0;7056;0,00;46;1;8384;0,01;47;não
PÉROLA;0;6808;0,00;28;0;6719;0,00;21;0;7416;0,00;30;1;6620;0,02;30;não
SÃO TOMÉ;0;4259;0,00;16;0;3843;0,00;9;0;4290;0,00;16;1;3425;0,03;16;não
OURO VERDE DO OESTE;0;3882;0,00;14;0;3975;0,00;14;0;4300;0,00;16;1;4120;0,02;17;não
