Município;Votos 2026;Votos válidos 2026;% válidos 2026;Seções;Cidade da prefeitura em 2024
FOZ DO IGUAÇU;43208;151564;28,51;626;sim
SANTA TEREZINHA DE ITAIPU;697;14310;4,87;56;não
CURITIBA;324;1021640;0,03;4056;não
SÃO MIGUEL DO IGUAÇU;176;16344;1,08;79;não
MEDIANEIRA;126;27612;0,46;126;não
CASCAVEL;99;177457;0,06;707;não
MATELÂNDIA;46;10464;0,44;42;não
ITAIPULÂNDIA;45;7798;0,58;30;não
MARINGÁ;26;221380;0,01;974;não
LONDRINA;25;283101;0,01;1200;não
GUARATUBA;24;22231;0,11;95;não
TOLEDO;22;82130;0,03;355;não
MISSAL;20;7741;0,26;33;não
SANTA HELENA;20;16112;0,12;75;não
PLANALTO;19;7787;0,24;38;não
MARECHAL CÂNDIDO RONDON;18;31129;0,06;154;não
CÉU AZUL;17;6670;0,25;27;não
COLOMBO;14;112515;0,01;486;não
SANTA TEREZA DO OESTE;12;7664;0,16;30;não
MANGUEIRINHA;11;10056;0,11;47;não
PINHAIS;10;72392;0,01;280;não
SÃO JOSÉ DOS PINHAIS;10;159675;0,01;641;não
CAMPO LARGO;9;66092;0,01;296;não
PALMAS;9;21525;0,04;103;não
PONTA GROSSA;9;186226;0,00;781;não
RAMILÂNDIA;8;2823;0,28;11;não
PONTAL DO PARANÁ;8;16925;0,05;72;não
MATINHOS;7;22562;0,03;100;não
CAMBARÁ;7;11535;0,06;60;não
PATO BRANCO;7;48556;0,01;204;não
MARILÂNDIA DO SUL;6;5083;0,12;28;não
VERA CRUZ DO OESTE;6;4946;0,12;21;não
DIAMANTE D OESTE;6;2894;0,21;17;não
BARRACÃO;5;5738;0,09;28;não
DOIS VIZINHOS;5;25192;0,02;104;não
IBIPORÃ;5;26796;0,02;119;não
CAPANEMA;5;11236;0,04;54;não
FAZENDA RIO GRANDE;5;61800;0,01;259;não
CIANORTE;5;41964;0,01;189;não
QUEDAS DO IGUAÇU;5;16651;0,03;80;não
ASSIS CHATEAUBRIAND;4;19881;0,02;87;não
PIRAQUARA;4;50281;0,01;214;não
SALTO DO LONTRA;4;8307;0,05;37;não
GUARAPUAVA;4;96721;0,00;438;não
PARANAVAÍ;4;45976;0,01;202;não
SANTO ANTÔNIO DO SUDOESTE;4;12049;0,03;53;não
GUAÍRA;4;17019;0,02;82;não
REALEZA;3;10741;0,03;46;não
CRUZEIRO DO OESTE;3;11582;0,03;56;não
RESERVA DO IGUAÇU;3;3885;0,08;19;não
CAPITÃO LEÔNIDAS MARQUES;3;8521;0,04;34;não
ALMIRANTE TAMANDARÉ;3;52339;0,01;211;não
ANTONINA;3;10807;0,03;53;não
PARANAGUÁ;3;79376;0,00;322;não
CAMPINA GRANDE DO SUL;3;24840;0,01;103;não
CAMPO MOURÃO;3;51201;0,01;216;não
NOVA LARANJEIRAS;3;6297;0,05;29;não
ARAPONGAS;3;60347;0,01;247;não
NOVA SANTA BÁRBARA;3;2797;0,11;13;não
IVAIPORÃ;3;17954;0,02;82;não
ESPIGÃO ALTO DO IGUAÇU;3;3254;0,09;16;não
ARAPOTI;3;12639;0,02;66;não
SÃO JOSÉ DA BOA VISTA;3;3560;0,08;16;não
NOVA ESPERANÇA;3;14060;0,02;74;não
ARAUCÁRIA;3;76474;0,00;341;não
REBOUÇAS;3;8873;0,03;38;não
MARIPÁ;3;4173;0,07;18;não
APUCARANA;3;66290;0,00;295;não
IMBITUVA;3;16935;0,02;76;não
TERRA BOA;3;9453;0,03;41;não
QUATRO BARRAS;2;13059;0,02;53;não
PAIÇANDU;2;20973;0,01;100;não
COLORADO;2;12425;0,02;59;não
BALSA NOVA;2;8664;0,02;40;não
FRANCISCO BELTRÃO;2;50992;0,00;217;não
CAMPO MAGRO;2;15087;0,01;66;não
RONCADOR;2;6545;0,03;30;não
MANDIRITUBA;2;13799;0,01;62;não
GUARANIAÇU;2;7948;0,03;44;não
UMUARAMA;2;60899;0,00;256;não
PINHÃO;2;15955;0,01;81;não
SÃO JOÃO DO CAIUÁ;2;3453;0,06;16;não
MANFRINÓPOLIS;2;2421;0,08;11;não
LINDOESTE;2;3757;0,05;16;não
TUPÃSSI;2;4822;0,04;21;não
JACAREZINHO;2;20350;0,01;102;não
CORONEL VIVIDA;2;13037;0,02;59;não
CAMBÉ;2;53529;0,00;224;não
BOM SUCESSO DO SUL;2;2466;0,08;11;não
RIO NEGRO;2;16654;0,01;84;não
MANDAGUAÇU;2;13683;0,01;64;não
JUSSARA;2;3967;0,05;17;não
MUNHOZ DE MELLO;2;2668;0,07;11;não
AMPÉRE;2;10975;0,02;48;não
PARANACITY;1;5106;0,02;24;não
LAPA;1;24834;0,00;119;não
JARDIM ALEGRE;1;6811;0,01;33;não
CASTRO;1;39675;0,00;188;não
SIQUEIRA CAMPOS;1;11428;0,01;50;não
ASSAÍ;1;8647;0,01;44;não
PÉROLA D OESTE;1;4300;0,02;18;não
AGUDOS DO SUL;1;6638;0,02;26;não
PRANCHITA;1;3703;0,03;17;não
UBIRATÃ;1;14520;0,01;66;não
LARANJEIRAS DO SUL;1;16631;0,01;84;não
LOBATO;1;2812;0,04;13;não
SÃO TOMÉ;1;3425;0,03;16;não
IPORÃ;1;8384;0,01;47;não
CHOPINZINHO;1;12282;0,01;53;não
PIRAÍ DO SUL;1;12490;0,01;63;não
CORNÉLIO PROCÓPIO;1;24332;0,00;121;não
ITAGUAJÉ;1;2692;0,04;11;não
PINHALÃO;1;4507;0,02;19;não
CRUZEIRO DO IGUAÇU;1;2698;0,04;13;não
CURIÚVA;1;7000;0,01;35;não
PITANGA;1;18680;0,01;98;não
SARANDI;1;48426;0,00;218;não
CORBÉLIA;1;10602;0,01;45;não
ENGENHEIRO BELTRÃO;1;7243;0,01;33;não
PORTO VITÓRIA;1;2347;0,04;13;não
QUATRO PONTES;1;3459;0,03;14;não
NOVA SANTA ROSA;1;5765;0,02;24;não
SÃO PEDRO DO IGUAÇU;1;3715;0,03;18;não
JAGUAPITÃ;1;7300;0,01;33;não
TELÊMACO BORBA;1;36416;0,00;165;não
PALMITAL;1;8053;0,01;41;não
JATAIZINHO;1;6688;0,01;31;não
TRÊS BARRAS DO PARANÁ;1;6877;0,01;35;não
ENTRE RIOS DO OESTE;1;3001;0,03;15;não
MARIÓPOLIS;1;4081;0,02;19;não
CAFELÂNDIA;1;10096;0,01;41;não
DOUTOR CAMARGO;1;3746;0,03;17;não
SALGADO FILHO;1;2932;0,03;16;não
SERRANÓPOLIS DO IGUAÇU;1;3542;0,03;17;não
OURO VERDE DO OESTE;1;4120;0,02;17;não
BOM SUCESSO;1;3839;0,03;18;não
PÉROLA;1;6620;0,02;30;não
NOVA LONDRINA;1;6820;0,01;34;não
ROLÂNDIA;1;33994;0,00;154;não
RONDON;0;5213;0,00;25;não
BELA VISTA DO PARAÍSO;0;8336;0,00;43;não
SÃO MANOEL DO PARANÁ;0;1559;0,00;7;não
SÃO SEBASTIÃO DA AMOREIRA;0;4748;0,00;22;não
ALTÔNIA;0;10438;0,00;50;não
SANTO ANTÔNIO DA PLATINA;0;21799;0,00;107;não
CAMBIRA;0;4738;0,00;19;não
UNIÃO DA VITÓRIA;0;27870;0,00;139;não
WENCESLAU BRAZ;0;10077;0,00;48;não
CATANDUVAS;0;5083;0,00;27;não
FAROL;0;2092;0,00;10;não
JESUÍTAS;0;5710;0,00;25;não
ASTORGA;0;14377;0,00;63;não
IBEMA;0;3689;0,00;20;não
LOANDA;0;11935;0,00;56;não
PIÊN;0;8393;0,00;35;não
FLOR DA SERRA DO SUL;0;3258;0,00;17;não
MERCEDES;0;4095;0,00;20;não
IVAÍ;0;8175;0,00;37;não
RIO AZUL;0;8649;0,00;35;não
CERRO AZUL;0;9375;0,00;48;não
TUNAS DO PARANÁ;0;4059;0,00;18;não
LUNARDELLI;0;3096;0,00;14;não
MARILENA;0;4329;0,00;19;não
PARAÍSO DO NORTE;0;7050;0,00;30;não
SABÁUDIA;0;4969;0,00;19;não
ADRIANÓPOLIS;0;4135;0,00;23;não
DIAMANTE DO SUL;0;2515;0,00;12;não
CALIFÓRNIA;0;5110;0,00;25;não
PARANAPOEMA;0;1695;0,00;7;não
SAPOPEMA;0;4017;0,00;20;não
ALVORADA DO SUL;0;5370;0,00;25;não
ESPERANÇA NOVA;0;1520;0,00;7;não
RENASCENÇA;0;3956;0,00;17;não
CAFEZAL DO SUL;0;3177;0,00;15;não
SANTA FÉ;0;6725;0,00;28;não
MOREIRA SALES;0;6808;0,00;36;não
TERRA RICA;0;8294;0,00;41;não
SULINA;0;2220;0,00;10;não
JOAQUIM TÁVORA;0;6367;0,00;28;não
DIAMANTE DO NORTE;0;3176;0,00;13;não
GRANDES RIOS;0;3559;0,00;18;não
SANTA CRUZ DE MONTE CASTELO;0;5203;0,00;22;não
TIJUCAS DO SUL;0;9537;0,00;40;não
BARBOSA FERRAZ;0;6060;0,00;35;não
VENTANIA;0;5403;0,00;24;não
ITAPEJARA D OESTE;0;6738;0,00;28;não
BANDEIRANTES;0;17172;0,00;82;não
BARRA DO JACARÉ;0;2072;0,00;9;não
SANTO ANTÔNIO DO PARAÍSO;0;1635;0,00;9;não
MARQUINHO;0;2880;0,00;16;não
CANTAGALO;0;6323;0,00;35;não
ANTÔNIO OLINTO;0;4845;0,00;25;não
MARMELEIRO;0;8629;0,00;37;não
NOVA FÁTIMA;0;4341;0,00;22;não
CARLÓPOLIS;0;8231;0,00;38;não
IPIRANGA;0;8377;0,00;41;não
CIDADE GAÚCHA;0;6305;0,00;32;não
BRAGANEY;0;3238;0,00;16;não
ABATIÁ;0;4103;0,00;18;não
PRESIDENTE CASTELO BRANCO;0;2812;0,00;13;não
URAÍ;0;6256;0,00;32;não
MAMBORÊ;0;7835;0,00;38;não
PATO BRAGADO;0;3636;0,00;15;não
CONGONHINHAS;0;4611;0,00;21;não
JAGUARIAÍVA;0;17603;0,00;85;não
MANDAGUARI;0;18980;0,00;86;não
BOA ESPERANÇA;0;2961;0,00;13;não
GUAMIRANGA;0;5015;0,00;22;não
NOVA TEBAS;0;4581;0,00;24;não
FLÓRIDA;0;1883;0,00;9;não
JANDAIA DO SUL;0;12009;0,00;56;não
JURANDA;0;4825;0,00;21;não
BOA VISTA DA APARECIDA;0;5320;0,00;20;não
SÃO PEDRO DO PARANÁ;0;2070;0,00;11;não
CENTENÁRIO DO SUL;0;6019;0,00;32;não
BRASILÂNDIA DO SUL;0;2508;0,00;11;não
TERRA ROXA;0;9983;0,00;47;não
CRUZ MACHADO;0;9823;0,00;50;não
CONTENDA;0;9539;0,00;42;não
SANTA IZABEL DO OESTE;0;6436;0,00;29;não
TAMBOARA;0;2979;0,00;14;não
CANDÓI;0;8944;0,00;43;não
RESERVA;0;13630;0,00;64;não
NOVA AURORA;0;7627;0,00;35;não
FOZ DO JORDÃO;0;3094;0,00;16;não
ITAMBÉ;0;3955;0,00;18;não
SÃO JORGE D OESTE;0;6240;0,00;29;não
SANTA CECÍLIA DO PAVÃO;0;2470;0,00;13;não
BITURUNA;0;9483;0,00;45;não
LUPIONÓPOLIS;0;2973;0,00;14;não
ATALAIA;0;2674;0,00;12;não
MARILUZ;0;5472;0,00;26;não
JAPIRA;0;2858;0,00;14;não
PEABIRU;0;7117;0,00;33;não
MARIALVA;0;21587;0,00;99;não
CLEVELÂNDIA;0;9134;0,00;50;não
ARARUNA;0;8031;0,00;36;não
MANOEL RIBAS;0;8514;0,00;42;não
SÃO JERÔNIMO DA SERRA;0;6019;0,00;35;não
GODOY MOREIRA;0;2148;0,00;11;não
SANTA LÚCIA;0;2402;0,00;8;não
CRUZMALTINA;0;2062;0,00;11;não
BORRAZÓPOLIS;0;4827;0,00;27;não
CAMPO DO TENENTE;0;4752;0,00;20;não
NOSSA SENHORA DAS GRAÇAS;0;2316;0,00;11;não
MORRETES;0;10247;0,00;47;não
JABOTI;0;3434;0,00;15;não
GUARAQUEÇABA;0;5069;0,00;29;não
SANTA ISABEL DO IVAÍ;0;5160;0,00;26;não
NOVA ALIANÇA DO IVAÍ;0;1198;0,00;5;não
FLORESTA;0;5981;0,00;24;não
ICARAÍMA;0;5110;0,00;24;não
INDIANÓPOLIS;0;2691;0,00;14;não
GOIOXIM;0;3998;0,00;20;não
ALTO PIQUIRI;0;5200;0,00;25;não
SANTA AMÉLIA;0;2305;0,00;11;não
CAFEARA;0;1711;0,00;7;não
SÃO CARLOS DO IVAÍ;0;3912;0,00;17;não
PAULO FRONTIN;0;4251;0,00;21;não
VIRMOND;0;2710;0,00;12;não
SANTA MARIA DO OESTE;0;5956;0,00;31;não
OURIZONA;0;2190;0,00;10;não
NOVA ESPERANÇA DO SUDOESTE;0;4116;0,00;16;não
FLORAÍ;0;3503;0,00;15;não
ENÉAS MARQUES;0;4262;0,00;17;não
JARDIM OLINDA;0;1116;0,00;5;não
PINHAL DE SÃO BENTO;0;2033;0,00;9;não
LARANJAL;0;3533;0,00;18;não
MARIA HELENA;0;3635;0,00;15;não
ANAHY;0;2250;0,00;9;não
BOM JESUS DO SUL;0;2955;0,00;14;não
ARAPUÃ;0;2595;0,00;13;não
SAUDADE DO IGUAÇU;0;3646;0,00;16;não
ANDIRÁ;0;10809;0,00;55;não
PRUDENTÓPOLIS;0;28403;0,00;143;não
IBAITI;0;14955;0,00;74;não
CRUZEIRO DO SUL;0;2782;0,00;12;não
GUARACI;0;3177;0,00;15;não
CÂNDIDO DE ABREU;0;8104;0,00;51;não
LIDIANÓPOLIS;0;2709;0,00;13;não
GOIOERÊ;0;15512;0,00;72;não
RANCHO ALEGRE;0;2441;0,00;10;não
SANTANA DO ITARARÉ;0;3267;0,00;15;não
MAUÁ DA SERRA;0;5595;0,00;25;não
RIBEIRÃO CLARO;0;6592;0,00;30;não
NOVA OLÍMPIA;0;3558;0,00;17;não
VERÊ;0;5283;0,00;24;não
PORECATU;0;6858;0,00;34;não
BOA ESPERANÇA DO IGUAÇU;0;1859;0,00;8;não
DOUTOR ULYSSES;0;3733;0,00;20;não
TAPEJARA;0;8098;0,00;36;não
PLANALTINA DO PARANÁ;0;2679;0,00;12;não
IRACEMA DO OESTE;0;1847;0,00;9;não
QUATIGUÁ;0;4709;0,00;20;não
NOVA AMÉRICA DA COLINA;0;2687;0,00;12;não
INÁCIO MARTINS;0;6370;0,00;31;não
ALTAMIRA DO PARANÁ;0;2581;0,00;11;não
TAMARANA;0;6362;0,00;29;não
SÃO JOSÉ DAS PALMEIRAS;0;2572;0,00;11;não
CONSELHEIRO MAIRINCK;0;2303;0,00;10;não
UNIFLOR;0;1700;0,00;8;não
CAMPO BONITO;0;2692;0,00;12;não
PRADO FERREIRA;0;2459;0,00;10;não
PORTO BARREIRO;0;2326;0,00;12;não
LEÓPOLIS;0;2706;0,00;13;não
SÃO PEDRO DO IVAÍ;0;5072;0,00;25;não
MIRADOR;0;1547;0,00;8;não
VITORINO;0;4576;0,00;18;não
RIO BRANCO DO SUL;0;19841;0,00;89;não
SÃO JOÃO DO TRIUNFO;0;8388;0,00;46;não
IRATI;0;32633;0,00;161;não
TAPIRA;0;3288;0,00;17;não
QUINTA DO SOL;0;3261;0,00;13;não
SÃO JORGE DO IVAÍ;0;3800;0,00;18;não
AMAPORÃ;0;2939;0,00;13;não
PORTO RICO;0;2307;0,00;10;não
SANTA MARIANA;0;6567;0,00;33;não
SÃO JORGE DO PATROCÍNIO;0;3893;0,00;16;não
ITAPERUÇU;0;16241;0,00;61;não
NOVA PRATA DO IGUAÇU;0;6853;0,00;27;não
ORTIGUEIRA;0;13551;0,00;71;não
TIBAGI;0;10058;0,00;50;não
GUAPIRAMA;0;2895;0,00;12;não
MARUMBI;0;3089;0,00;13;não
DOURADINA;0;5284;0,00;22;não
PAULA FREITAS;0;3421;0,00;18;não
PORTO AMAZONAS;0;2677;0,00;13;não
JUNDIAÍ DO SUL;0;2056;0,00;9;não
SÃO MATEUS DO SUL;0;24179;0,00;115;não
RIO BRANCO DO IVAÍ;0;2543;0,00;13;não
MIRASELVA;0;1500;0,00;7;não
FAXINAL;0;8985;0,00;45;não
BOA VENTURA DE SÃO ROQUE;0;3944;0,00;22;não
CARAMBEÍ;0;12728;0,00;51;não
ITAÚNA DO SUL;0;1964;0,00;10;não
SANTO ANTÔNIO DO CAIUÁ;0;1862;0,00;7;não
FRANCISCO ALVES;0;4161;0,00;21;não
FIGUEIRA;0;4465;0,00;19;não
RIO BOM;0;2279;0,00;11;não
BELA VISTA DA CAROBA;0;2364;0,00;9;não
SANTA INÊS;0;1397;0,00;7;não
MATO RICO;0;2404;0,00;16;não
ALTO PARAÍSO;0;2238;0,00;11;não
ARIRANHA DO IVAÍ;0;1949;0,00;8;não
RANCHO ALEGRE D OESTE;0;1815;0,00;10;não
TOMAZINA;0;5054;0,00;25;não
GENERAL CARNEIRO;0;6068;0,00;32;não
IRETAMA;0;5510;0,00;26;não
CAMPINA DA LAGOA;0;8926;0,00;42;não
BOCAIÚVA DO SUL;0;6672;0,00;33;não
INAJÁ;0;1932;0,00;8;não
IGUATU;0;1693;0,00;8;não
CORUMBATAÍ DO SUL;0;2680;0,00;12;não
RIO BONITO DO IGUAÇU;0;7883;0,00;40;não
NOVA CANTU;0;4656;0,00;22;não
TURVO;0;8711;0,00;46;não
SENGÉS;0;9559;0,00;50;não
ROSÁRIO DO IVAÍ;0;3670;0,00;18;não
PRIMEIRO DE MAIO;0;6039;0,00;26;não
XAMBRÊ;0;3853;0,00;19;não
PEROBAL;0;4241;0,00;17;não
QUARTO CENTENÁRIO;0;2714;0,00;13;não
SANTA MÔNICA;0;2024;0,00;10;não
SERTANÓPOLIS;0;9527;0,00;40;não
FORMOSA DO OESTE;0;4444;0,00;21;não
FLORESTÓPOLIS;0;7105;0,00;34;não
RIBEIRÃO DO PINHAL;0;6811;0,00;34;não
IVATUBA;0;2225;0,00;12;não
CORONEL DOMINGOS SOARES;0;3853;0,00;18;não
ALTO PARANÁ;0;7208;0,00;33;não
PALOTINA;0;19213;0,00;84;não
ÂNGULO;0;2201;0,00;9;não
SALTO DO ITARARÉ;0;3323;0,00;16;não
SÃO JOÃO DO IVAÍ;0;6610;0,00;29;não
JAPURÁ;0;5647;0,00;25;não
ITAMBARACÁ;0;3718;0,00;16;não
IVATÉ;0;4086;0,00;20;não
HONÓRIO SERPA;0;3324;0,00;14;não
KALORÉ;0;3210;0,00;14;não
TEIXEIRA SOARES;0;5856;0,00;28;não
SERTANEJA;0;3698;0,00;16;não
PALMEIRA;0;19494;0,00;87;não
MALLET;0;7513;0,00;37;não
QUITANDINHA;0;10455;0,00;46;não
IMBAÚ;0;6187;0,00;29;não
JANIÓPOLIS;0;3557;0,00;16;não
FERNANDES PINHEIRO;0;4134;0,00;20;não
IGUARAÇU;0;3061;0,00;12;não
LUIZIANA;0;4310;0,00;19;não
PITANGUEIRAS;0;1987;0,00;8;não
QUERÊNCIA DO NORTE;0;6032;0,00;32;não
GUAIRAÇÁ;0;3843;0,00;17;não
GUAPOREMA;0;1441;0,00;6;não
FÊNIX;0;2882;0,00;12;não
SANTO INÁCIO;0;3495;0,00;14;não
TUNEIRAS DO OESTE;0;4960;0,00;21;não
CAMPINA DO SIMÃO;0;2767;0,00;14;não
SÃO JOÃO;0;6838;0,00;33;não
NOVO ITACOLOMI;0;2275;0,00;9;não
