Zona;Local de votação;Endereço;Seções 2024;Seções 2026;Votos 2024;Votos válidos 2024;% válidos 2024;Participação 2024 (%);Índice 2024;Votos 2026;Votos válidos 2026;% válidos 2026;Participação 2026 (%);Índice 2026;Variação da participação (p.p.);Cruzamento
46;CENTRO DE VISITANTES DO PARQUE NACIONAL DO IGUACU;RODOVIA DAS CATARATAS, KM 22,5;1;1;37;135;27,41;0,08;0,84;38;155;24,52;0,09;0,86;0,01;código
46;CMEI CAMPOS DO IGUAÇU → CENTRO MUNICIPAL DE EDUCAÇÃO INFANTIL CAMPOS DO IGUAÇU - CMEI;RUA CAPIBARIBE,1695;6;6;464;1453;31,93;0,97;0,98;511;1522;33,57;1,18;1,18;0,21;código (nome mudou)
46;COLEGIO BERTONI;RUA FULGENCIO PEREIRA, 311;7;7;465;1724;26,97;0,97;0,83;462;1880;24,57;1,07;0,86;0,10;código
46;COLEGIO CAESP;RUA ALMIRANTE BARROSO, 1086;8;8;414;1525;27,15;0,87;0,83;412;1884;21,87;0,95;0,77;0,09;código
46;COLEGIO ESTADUAL BARAO DO RIO BRANCO;RUA SILVINO DAL BO, 85;15;15;776;2719;28,54;1,62;0,88;745;2813;26,48;1,72;0,93;0,10;código
46;COLEGIO ESTADUAL PIONEIROS;RUA PAULO SHERTNER, S/N;5;5;422;1112;37,95;0,88;1,17;369;1134;32,54;0,85;1,14;-0,03;código
46;COLEGIO ESTADUAL ULYSSES GUIMARAES;RUA BARTOLOMEU DE GUSMAO, 3535;14;15;1275;3875;32,90;2,67;1,01;1238;4177;29,64;2,87;1,04;0,20;código
46;COLÉGIO EDUCAÇÃO DINÂMICA (XODÓ DA VOVÓ/FACULDADE UDC);RUA CASTELO BRANCO, 349;17;18;1197;4482;26,71;2,51;0,82;1180;4744;24,87;2,73;0,87;0,23;código
46;COLÉGIO ESTADUAL ALMIRANTE TAMANDARE;RUA HELENO SCHIMMELPFENG, 460;12;12;757;2467;30,68;1,58;0,94;759;2614;29,04;1,76;1,02;0,17;código
46;COLÉGIO ESTADUAL JUSCELINO KUBITSCHEK DE OLIVEIRA;AVENIDA MORENITAS, 865;13;13;1168;3462;33,74;2,44;1,03;942;3436;27,42;2,18;0,96;-0,26;código
46;COLÉGIO ESTADUAL MONSENHOR GUILHERME;RUA NAIPI, 261;5;6;330;1139;28,97;0,69;0,89;293;1244;23,55;0,68;0,83;-0,01;código
46;COLÉGIO ESTADUAL TARQUINIO SANTOS;RUA CARLOS WELTER, 470;5;5;342;1190;28,74;0,72;0,88;395;1268;31,15;0,91;1,09;0,20;código
46;COLÉGIO ESTADUAL TRES FRONTEIRAS;RUA SURUBI, S/N;11;11;808;2660;30,38;1,69;0,93;776;2571;30,18;1,80;1,06;0,10;código
46;COLÉGIO MILITAR DE FOZ DO IGUAÇU (EX COLEGIO BART. MITRE);RUA JORGE SCHIMMELPFENG, 351;11;11;601;1987;30,25;1,26;0,93;549;2146;25,58;1,27;0,90;0,01;código
46;COLÉGIO VICENTINO SÃO JOSÉ;AVENIDA BRASIL, 1590;5;5;370;1256;29,46;0,77;0,90;347;1216;28,54;0,80;1,00;0,03;código
46;ESCOLA MUNICIPAL ACÁCIO PEDROSO → CENTRO MUNICIPAL DE EDUCAÇÃO SOLDADINHO DE CHUMBO - CMEI;RUA TRAIRA, 305;6;6;410;1342;30,55;0,86;0,94;396;1285;30,82;0,92;1,08;0,06;código (nome mudou)
46;ESCOLA MUNICIPAL ADELE ZANOTTO SCALCO - CAIC;AVENIDA JAVIER KOELBL, 1923;10;11;754;2554;29,52;1,58;0,91;593;2499;23,73;1,37;0,83;-0,21;código
46;ESCOLA MUNICIPAL ANTONIO GONCALVES DIAS;RUA PURUS, 234;10;10;735;2477;29,67;1,54;0,91;835;2632;31,72;1,93;1,11;0,39;código
46;ESCOLA MUNICIPAL AUGUSTO WERNER;RUA ATALAIA, 190;7;7;560;1789;31,30;1,17;0,96;477;1819;26,22;1,10;0,92;-0,07;código
46;ESCOLA MUNICIPAL CECILIA MEIRELES;RUA FELDSPATO, 790;10;10;735;2103;34,95;1,54;1,07;673;2086;32,26;1,56;1,13;0,02;código
46;ESCOLA MUNICIPAL ERICO VERISSIMO;RUA  JORGE SANWAIS, 4375;14;14;1377;3490;39,46;2,88;1,21;1151;3642;31,60;2,66;1,11;-0,22;código
46;ESCOLA MUNICIPAL FREDERICO ENGEL;AVENIDA AYRTON SENA, 41;7;7;670;2013;33,28;1,40;1,02;666;2123;31,37;1,54;1,10;0,14;código
46;ESCOLA MUNICIPAL JARDIM NAIPI;RUA VICENTE CELESTINO, 280;5;5;359;1061;33,84;0,75;1,04;354;1106;32,01;0,82;1,12;0,07;código
46;ESCOLA MUNICIPAL JULIO PASA;RUA ESPIRITO SANTO, 1226;6;6;414;1341;30,87;0,87;0,95;445;1402;31,74;1,03;1,11;0,16;código
46;ESCOLA MUNICIPAL OSVALDO CRUZ;RUA OCUÍ, 321;6;6;476;1479;32,18;1,00;0,99;512;1522;33,64;1,19;1,18;0,19;código
46;ESCOLA MUNICIPAL PRESIDENTE GETULIO VARGAS;RUA SEMPRE VIVA, 347;6;6;445;1391;31,99;0,93;0,98;466;1476;31,57;1,08;1,11;0,15;código
46;ESCOLA MUNICIPAL PRINCESA ISABEL;AVENIDA DAS CATARATAS, KM 13;2;2;121;535;22,62;0,25;0,69;123;551;22,32;0,28;0,78;0,03;código
46;ESCOLA MUNICIPAL PROFESSOR BENEDICTO JOÃO CORDEIRO;RUA TAPUIAS, 193;5;5;329;1129;29,14;0,69;0,89;371;1134;32,72;0,86;1,15;0,17;código
46;ESCOLA MUNICIPAL VILA SHALON;AVENIDA GENERAL MEIRA, 2008;3;3;193;716;26,96;0,40;0,83;225;755;29,80;0,52;1,04;0,12;código
46;ESCOLA MUNICIPAL VINICIUS DE MORAES;RUA DAS ROSAS, 325;10;11;832;2587;32,16;1,74;0,99;858;2622;32,72;1,99;1,15;0,24;código
104;CESUFOZ - CENTRO DE ENSINO SUPERIOR DE FOZ DO IGUAÇU;AVENIDA PARANA  3695;7;7;427;1534;27,84;0,89;0,85;361;1765;20,45;0,84;0,72;-0,06;código
104;CMEI CLAUDIO DA SILVA LOURENÇO;RUA PEDRO FRANCISCO KERU, 50;;5;;;;;;376;1261;29,82;0,87;1,05;;só 2026
104;COLEGIO ESTADUAL ALMIRO SARTORI;RUA POMBAS, 440;10;10;882;2694;32,74;1,85;1,00;870;2747;31,67;2,01;1,11;0,17;código
104;COLEGIO ESTADUAL AYRTON SENNA DA SILVA;POCOS DE CALDAS 54;17;17;1337;4343;30,79;2,80;0,94;1156;4525;25,55;2,68;0,90;-0,12;código
104;COLEGIO ESTADUAL CARLOS DRUMOND DE ANDRADE;RUA CLAUDIO COUTINHO, 2020;8;8;727;2049;35,48;1,52;1,09;662;1894;34,95;1,53;1,23;0,01;código
104;COLEGIO ESTADUAL DOM PEDRO II;RUA BELFORT DUART, 1660;10;10;1030;2659;38,74;2,16;1,19;945;2679;35,27;2,19;1,24;0,03;código
104;COLEGIO ESTADUAL TANCREDO DE ALMEIDA NEVES;RUA JOSE CARLOS PACE, 1866;15;15;1557;3954;39,38;3,26;1,21;1425;3970;35,89;3,30;1,26;0,04;código
104;COLEGIO INTERATIVA FOZ DO IGUAÇU;RUA IPATINGA, 269;9;9;457;1621;28,19;0,96;0,86;535;1761;30,38;1,24;1,07;0,28;código
104;COLÉGIO ESTADUAL CATARATAS DO IGUAÇU;RUA HENRIQUE BERNADELLI, 300;12;12;1086;3359;32,33;2,27;0,99;1006;3201;31,43;2,33;1,10;0,06;código
104;COLÉGIO ESTADUAL DR ARNALDO BUSATO;RUA ARAUCÁRIA, 7510;17;17;1729;4234;40,84;3,62;1,25;1393;4309;32,33;3,22;1,13;-0,40;código
104;COLÉGIO ESTADUAL JORGE SCHIMMELPFENG;AVENIDA POR DO SOL, 1855;13;13;1081;3604;29,99;2,26;0,92;1066;3604;29,58;2,47;1,04;0,20;código
104;COLÉGIO ESTADUAL SOL DE MAIO;RUA PEDRO FRANCISCO KERU, 120, CONJ. RESIDENCIAL SOL DE MAIO;10;5;902;2480;36,37;1,89;1,12;384;1292;29,72;0,89;1,04;-1,00;código
104;COLÉGIO MONJOLO;RUA DAVID MUFFATO 374;4;5;262;863;30,36;0,55;0,93;126;1043;12,08;0,29;0,42;-0,26;código
104;ESCOLA MUNICIPAL CORA CORALINA;RUA PACAEMBU, 2280;9;9;871;2242;38,85;1,82;1,19;813;2355;34,52;1,88;1,21;0,06;código
104;ESCOLA MUNICIPAL DR DIRCEU LOPES;RUA DAS ÁGUIAS, 185;6;6;451;1412;31,94;0,94;0,98;403;1433;28,12;0,93;0,99;-0,01;código
104;ESCOLA MUNICIPAL EMILIO DE MENEZES;AVENIDA MARIO FILHO, 1252;11;11;944;2256;41,84;1,98;1,28;798;2232;35,75;1,85;1,25;-0,13;código
104;ESCOLA MUNICIPAL IRIO MANGANELLI (CAIC);AVENIDA POMPEU DE TOLEDO, 773;13;13;1276;3295;38,73;2,67;1,19;1101;3238;34,00;2,55;1,19;-0,12;código
104;ESCOLA MUNICIPAL JOAO ADAO DA SILVA;RUA JULIO BRECHER, 450 - LOTEAMENTO LAGOA DOURADA;11;11;1056;2500;42,24;2,21;1,30;747;2585;28,90;1,73;1,01;-0,48;código
104;ESCOLA MUNICIPAL JOAO DA COSTA VIANNA;RUA MUNDAU, 340;20;20;1696;4302;39,42;3,55;1,21;1443;4399;32,80;3,34;1,15;-0,21;código
104;ESCOLA MUNICIPAL JOAO XXIII;RUA JOSE CARLOS PACE, 304;7;7;683;1715;39,83;1,43;1,22;633;1783;35,50;1,47;1,25;0,04;código
104;ESCOLA MUNICIPAL ROSALIA DE AMORIM SILVA;RUA CACIQUE, 883;2;2;102;312;32,69;0,21;1,00;94;535;17,57;0,22;0,62;0,00;código
104;ESCOLA MUNICIPAL TRÊS BANDEIRAS;RUA JOÃO CÂMARA FILHO, 320;1;2;60;223;26,91;0,13;0,83;124;529;23,44;0,29;0,82;0,16;código
147;COLEGIO ANGLO AMERICANO;AVENIDA PARANA 5661 - ZONA URBANA;40;40;2621;9594;27,32;5,49;0,84;2209;9284;23,79;5,11;0,83;-0,37;código
147;COLEGIO ESTADUAL  PROFESSORA CARMELITA DE SOUZA DIAS;RUA PEDRO JOAO MEDEIROS, 129;7;7;474;1544;30,70;0,99;0,94;415;1612;25,74;0,96;0,90;-0,03;código
147;COLEGIO ESTADUAL IPE ROXO;RUA CLÁUDIO GONZALES GAVILAN;8;8;455;1766;25,76;0,95;0,79;337;1799;18,73;0,78;0,66;-0,17;código
147;COLEGIO ESTADUAL PRESIDENTE COSTA E SILVA;RUA DAS MISSOES 1000;13;13;834;2865;29,11;1,75;0,89;785;3018;26,01;1,82;0,91;0,07;código
147;COLEGIO ESTADUAL PROFESSOR FLAVIO WARKEN;RUA SAPUCAI, 689 - VILA C (VELHA) - ZONA URBANA;15;15;1220;3495;34,91;2,55;1,07;1058;3515;30,10;2,45;1,06;-0,10;código
147;COLEGIO ESTADUAL PROFESSOR MARIANO CAMILO PAGANOTO;RUA GASPAR 447;11;8;658;2412;27,28;1,38;0,84;489;1958;24,97;1,13;0,88;-0,25;código
147;COLEGIO ESTADUAL PROFESSOR PAULO FREIRE;RUO O, S/NR - VILA C (NOVA) - ZONA URBANA;17;10;1404;4080;34,41;2,94;1,06;702;2452;28,63;1,62;1,00;-1,31;código
147;ESCOLA MUNICIPAL ALTAIR FERRAIS DA SILVA - ZIZO;AVENIDA ANDRADINA, 45;9;9;655;2207;29,68;1,37;0,91;663;2626;25,25;1,53;0,89;0,16;código
147;ESCOLA MUNICIPAL ARNALDO ISIDORO DE LIMA;RUA D, 520 - ZONA URBANA;6;6;534;1615;33,06;1,12;1,01;467;1481;31,53;1,08;1,11;-0,04;código
147;ESCOLA MUNICIPAL CANDIDO PORTINARI;RUA GASPAR 499;5;8;373;1219;30,60;0,78;0,94;471;1928;24,43;1,09;0,86;0,31;código
147;ESCOLA MUNICIPAL MONTEIRO LOBATO;RUA ANGELA APARECIDA ANDRADE 145;8;8;513;1740;29,48;1,07;0,91;436;1780;24,49;1,01;0,86;-0,06;código
147;ESCOLA MUNICIPAL PADRE LUIGI SALVUCCI;RUA FORTALEZA, 45;;7;;;;;;453;1654;27,39;1,05;0,96;;só 2026
147;ESCOLA MUNICIPAL PONTE DA AMIZADE;AV TANCREDO NEVES 3159;7;7;611;1603;38,12;1,28;1,17;261;1647;15,85;0,60;0,56;-0,67;código
147;ESCOLA MUNICIPAL PROFESSORA JOSINETE HOLLER ALVES SANTOS;AVENIDA PARANÁ, 5221;1;3;58;260;22,31;0,12;0,69;110;692;15,90;0,25;0,56;0,13;código
147;ESCOLA MUNICIPAL PROFESSORA SUZANA MORAIS BALEN;RUA INACIO SANTOS BENITES 376;6;6;335;1210;27,69;0,70;0,85;307;1201;25,56;0,71;0,90;0,01;código
147;UNIOESTE - CAMPUS FOZ DO IGUACU;AV TARQUINIO JOSLIN DOS SANTOS 1300;10;10;578;2166;26,69;1,21;0,82;423;2319;18,24;0,98;0,64;-0,23;código
